"site","plot","stab.com","stab.pop","asyn","SAE","CPE.env","CPE.int","richness","shannon","inv.simpson","evenness","CPE.env.LB","CPE.env.UB","CPE.int.LB","CPE.int.UB"
"CDR","CDR_D_2_",1.831127012091,0.681722018366548,2.68603178826248,3.47072209706778,0.856943091048983,0.906616707350473,14.0869565217391,2.49360941773872,8.39858360907561,0.637421971772328,0.758164863115351,0.957790392005035,0.808139630433699,1.02077055700541
"CDR","CDR_D_25_",2.14584917651268,0.67040802720093,3.20081068460945,3.214800910703,1.03634074534809,0.966275888235606,12.4782608695652,2.36405829727077,7.72995231400189,0.621031757773042,0.889864004528904,1.19018238326057,0.836552766946807,1.11888341830045
"CDR","CDR_D_33_",1.66441211624612,0.674217507741918,2.46865751353826,2.78627724894617,0.922689797499409,0.967236685214125,11.6521739130435,2.18673482057808,6.13672596773831,0.564872455451555,0.794899918592632,1.10433890583257,0.80236563104138,1.11461809823014
"CDR","CDR_D_34_",2.73906791062027,1.00307679910118,2.7306661993126,2.56892341319273,1.1012182187052,0.970091930990273,9.56521739130435,1.52672305671554,2.57109962402403,0.422807467145533,0.981388695890308,1.28023863127374,0.830297508671086,1.08312031067925
"CDR","CDR_D_44_",2.16262655610932,0.876421020150314,2.46756582325971,2.60278774247857,0.937723289977999,1.01817025082088,11.8260869565217,1.98849313165846,4.94234608703366,0.516471921953138,0.813250145644437,1.11718641903233,0.848607036979603,1.16575148684489
"VC","VC1_1",4.81134953140814,1.17314732562132,4.10123215245787,3.24268522218551,1.19182392329195,1.10509659138696,16.3333333333333,2.336465625033,7.27984552069299,0.642312105456423,0.863140538712117,2.02764856185377,0.624891710349273,1.46544102388374
"VC","VC2_2",5.99451081385229,1.35740454664812,4.41615642783481,2.70892071085498,1.18272469637538,1.38874340323804,11.1111111111111,1.99130778963335,5.42070682058134,0.635085779944026,1.01089689177827,1.43290444179586,1.13783271863782,1.61267735993165
"VC","VC3_3",16.7880625789794,1.71410603406283,9.7940630540736,3.13477889544381,1.22938436598446,2.72471170973425,15.2222222222222,2.09745632440031,5.55141275079099,0.599871811379871,0.902759298849606,1.83193371114535,1.70580965078195,3.46093391911995
"VC","VC4_4",6.20201914919931,1.03721767382392,5.97947692728209,2.26443979195372,1.3107164886171,2.09236564406751,9.88888888888889,1.80251915294391,3.94682361539738,0.592053167554174,0.956346421437557,2.00823608356453,1.31599195805116,2.7611650577915
"VC","VC5_5",5.24009734561693,1.09760181744103,4.77413326249204,2.65553686476139,1.46467099799079,1.33894234797151,10.8888888888889,1.69881133804085,2.99743928044951,0.494705203275662,0.916595270723986,2.80455291328082,0.641159475572162,1.9615098877361
"VC","VC6_6",5.61109461216378,1.05227544680354,5.33234394968392,2.23120579056862,1.65123439462087,1.59893605838134,9,1.73437356695846,3.75833049597924,0.569670154329806,1.02522584530637,3.18369801334435,0.751421728075673,2.33139238967946
"HAY","HAY_Kansas_e1q1_1",2.24130232355636,1.30343597647595,1.71953388122376,1.42540241512831,1.03657080055742,1.17689359976089,4.56666666666667,0.717799171530259,1.97041061260526,0.253351613296657,0.895250765966638,1.23860445731861,0.973959262986018,1.34754548360066
"HAY","HAY_Kansas_e1q1_3",2.1283411502663,0.803546070328476,2.64868590471269,1.90798454842073,1.20027657006959,1.18253108084303,5.86666666666667,1.26929767968669,2.99296937963103,0.389582587524398,0.944971212033755,1.58661254721308,0.875407574668492,1.46905548330412
"HAY","HAY_Kansas_e1q1A_1",3.40845914710104,1.43482677807871,2.37551960917896,1.58785398901758,1.06588481753502,1.41985569287032,4.46666666666667,0.826347677976998,1.99232168510899,0.271421116079837,0.920345413427903,1.33256263039825,1.12275581554174,1.62554022986416
"HAY","HAY_Kansas_e1q1A_2",2.49414882502527,0.998045991645542,2.49903195434211,1.67834168478717,1.05772814489475,1.43044342090435,5.23333333333333,1.02430344299117,2.29016154318423,0.331377992521032,0.896989934886295,1.39265465018663,1.06930422638242,1.66000431914162
"HAY","HAY_Kansas_e1q1A_3",2.40707302184402,1.13655451042598,2.11786852259453,1.71521747978971,1.04281674473403,1.19256960062604,6.53333333333333,1.05541775561523,2.071108002006,0.307344696636243,0.924835008371117,1.26613406832982,0.975214439113236,1.33510697789262
"HAY","HAY_Kansas_e1q2_2",1.72340958305765,0.966419585608777,1.78329331143679,1.7407574246095,0.978658716751756,1.05346014251611,5.4,0.894248622100074,1.83928327004675,0.262921707196851,0.838690700034523,1.1378075655497,0.90036553481304,1.22148957495346
"HAY","HAY_Kansas_e1q2_3",2.24046138312159,1.05989858261103,2.11384506015876,1.73899597126752,1.09297455945015,1.12675437697903,5.4,1.00051177772616,2.28834281793211,0.303568355596166,0.884281670923573,1.36976142342945,0.887424276831554,1.37484492813933
"HAY","HAY_Kansas_e1q2_4",2.42428488658319,1.01749631588701,2.38259819591563,1.70708549186154,1.0436412772381,1.34671258643249,5.16666666666667,1.02617102137952,2.41031290175092,0.362193346128457,0.875541279306201,1.20265691763776,1.16095509949728,1.59411260254323
"HAY","HAY_Kansas_e1q2_5",2.01310711005294,1.13832590025275,1.76848045854526,1.57494330252113,1.04447649097525,1.08595726496528,5.06666666666667,0.896337777626139,2.17304993299176,0.31011158864857,0.893740121098776,1.2456673109099,0.901434082744568,1.2563899436103
"HAY","HAY_Kansas_e1q2_6",2.91589760217546,2.2360342689715,1.3040487091983,1.34983513581406,0.984838109591543,0.982438406472566,4.26666666666667,0.301341935074927,1.13654318286996,0.0961066786677612,0.92585161009376,1.0619459532147,0.909726542395232,1.0434503780696
"HAY","HAY_Kansas_e1q2_8",2.44176280061843,0.887098724044382,2.75252656151523,1.74780404754512,1.2343535589838,1.3058842019184,4.4,1.03949285801436,2.54980657850754,0.353035965550435,0.942179991854656,1.64094159979093,0.960256961975132,1.67161226268287
"HAY","HAY_Kansas_e1q3_1",2.58448896877467,1.12225548921977,2.30294170409582,1.7125801576687,1.15428056187563,1.18079165264789,4.63333333333333,0.815156833323429,1.71217852047086,0.287714596231711,0.946600779249516,1.43239854631352,0.939350452472435,1.42083246632191
"HAY","HAY_Kansas_e1q3_3",2.35789741937249,0.961352315024409,2.45268813786819,1.63281367754736,1.19069887325711,1.26857833319865,5.33333333333333,1.20108525791619,2.6859288531965,0.394506948950034,1.02516106839727,1.36860379723206,1.09757463057972,1.46535056971426
"JRG","JRG_Control_C_1_C_1_1",5.05084060589275,0.803812147297109,6.28360820731144,2.86084740468322,1.50215425360985,1.51009011292285,13.3571428571429,2.35097574121279,7.74891512753572,0.730371679158842,1.16010096782325,2.25454989971488,0.976672692706782,1.89329644850055
"JRG","JRG_Control_C_1_C_1_2",4.89947078187336,0.868201825090932,5.64323944073742,2.7983313372185,1.3973779840839,1.47999666859384,13.75,2.30331009280657,7.03533502434559,0.706949614883198,1.05579954368048,1.93294994146089,1.04331396164149,1.91072456845639
"JRG","JRG_Control_C_1_C_1_3",4.16899795371215,0.8149573364318,5.11560270377545,3.06188270693369,1.45242437302041,1.17904342884262,15.8571428571429,2.53130562369214,8.85603341748276,0.744239554381609,1.0582353417268,1.91051333153382,0.874498951744895,1.57884246131067
"JRG","JRG_Control_C_1_C_1_4",6.03950388943303,0.808648083691346,7.46864304910448,2.7535897768496,1.59148105815569,1.78450275158429,14.3571428571429,2.33426284961227,7.41039309069195,0.734494434084745,1.14475168168069,2.37734507243332,1.14109098102219,2.36936544855691
"JRG","JRG_Control_C_1_C_1_5",5.54954723253794,0.905581132009303,6.1281612838207,2.87978275657759,1.58036137909734,1.4130445628776,14.6785714285714,2.32090349734954,7.13614565931933,0.730290807281712,1.17083238717283,2.820695823872,0.755761769576192,1.81767229690203
"JRG","JRG_Control_C_1_C_1_6",5.70564830565955,0.859695754083262,6.63682271147631,3.00594466720418,1.59794909857617,1.42088241216685,14.8571428571429,2.39331271922634,7.22742712930104,0.710752140608908,1.21521558163941,2.15275222301311,1.02562495184529,1.81750195179834
"JRG","JRG_Control_C_2_C_2_1",7.59984222916022,0.929483049030156,8.17641831886022,2.82673431149087,1.61271811050405,1.86809311524262,14.3571428571429,2.28943766479856,6.32705756527925,0.71125380081796,1.12262849397035,2.5631454251486,1.12908724487526,2.57851307875257
"JRG","JRG_Control_C_2_C_2_2",8.57163591310948,0.851404862800136,10.0676379565401,2.77278483723613,1.58719854143043,2.37273718972905,16.1428571428571,2.39445776939331,7.5910487501015,0.753435245976043,1.15538477010576,2.34006759340446,1.55211220324423,3.14257313831421
"JRG","JRG_Control_C_2_C_2_3",6.37260143731912,0.827372917256318,7.70221178915493,2.64190119254504,1.56468365781951,1.90984995419888,14.3928571428571,2.2324494625777,6.05395070330429,0.685200526296676,1.19048141006528,2.18968511448535,1.33144586071447,2.44977306913009
"JRG","JRG_Control_C_2_C_2_4",6.36909495413104,1.09085109735632,5.83864742820222,2.83555021387419,1.40692407106016,1.4901118814058,13.6785714285714,2.170700808617,6.03848931609099,0.683028332587853,1.12142512596931,1.90475537205572,1.08332829865758,1.83628915696007
"JRG","JRG_Control_C_2_C_2_5",7.24042814752618,1.02315813154116,7.07654850635852,2.68040865316049,1.56792394861419,1.73049488937547,13.75,2.11927124082391,5.62118144262313,0.658388628865696,1.24033558086797,2.06756248575571,1.27694730123798,2.1285413873074
"JRG","JRG_Control_C_2_C_2_6",8.70222805560987,1.15254935051801,7.55041686648703,2.8506051785983,1.5117216310982,1.79586610772161,14.2142857142857,2.12608443585765,5.87859193393678,0.678069959452189,1.17530381950873,2.13981082334567,1.23799461980308,2.25363743299809
"JRG","JRG_Control_C_3_C_3_1",4.50450442108984,1.03288498222275,4.36109005224978,2.97334272521755,1.26951468552858,1.16903623062842,13.5357142857143,2.18633550769991,5.60983782457821,0.67922331480104,1.05658748680181,1.59456722924348,0.920010998726679,1.38826142665162
"JRG","JRG_Control_C_3_C_3_2",4.94549881286766,1.05570468542058,4.6845475644521,3.01493196302982,1.27251298280283,1.2347371168267,15.7142857142857,2.25599379060021,5.94882558201491,0.677027410445942,1.10101026453047,1.58147261557536,0.982802271092098,1.41123772963899
"JRG","JRG_Control_C_3_C_3_3",4.61504909456548,1.09351609421596,4.22037601364654,2.85189959991421,1.29243661691168,1.15633784769841,14.9285714285714,2.14226462498982,4.97658546711535,0.657520303646598,1.08453568731047,1.54328957284629,0.958899834024272,1.36456905142342
"JRG","JRG_Control_C_3_C_3_4",5.04693284124988,1.04169719900237,4.84491351813494,3.13392883342331,1.26582899666156,1.2352144908133,14.5,2.27583970030417,6.56018280174565,0.682983200267174,1.05753913609934,1.58698040367504,0.974148916795496,1.46194677358644
"JRG","JRG_Control_C_3_C_3_5",6.91179803145948,1.19451309677985,5.78628903282198,3.17626104470836,1.22520509943789,1.5036692941269,15.6785714285714,2.25857680759655,6.1388210031922,0.6932197315946,1.02870503465174,1.53230339932925,1.18888968854307,1.77090371323311
"JRG","JRG_Control_C_3_C_3_6",6.38965894854186,1.14960424022832,5.5581379443006,3.19380804541367,1.31596874185728,1.33912488804103,15.6071428571429,2.30107556988196,6.81772866320492,0.724051791668372,1.06329447036669,1.6205837391506,1.07386995226495,1.6367031321565
"JRN","JRN_NPP quadrat_BASN_1",1.76786729339686,0.645999933937862,2.73663695694264,2.97462163836704,0.847889566799222,1.08937436802814,7.65,1.69386895355317,2.6481535661581,0.462355793942393,0.759601707803559,0.981799933840909,0.937049783470573,1.2112079802305
"JRN","JRN_NPP quadrat_BASN_10",2.32928490983831,1.46852311406303,1.58614112882008,1.72944393332463,0.964682567513935,0.952784868346556,5.2,0.504483123220887,1.20711666616065,0.151396206829563,0.87974720526326,1.04685693434784,0.876090837825773,1.04250333152223
"JRN","JRN_NPP quadrat_BASN_11",2.82862892228305,1.21901680529483,2.32041831580732,2.21522934741004,0.936124536371414,1.12176541768811,6.2,0.831062562013677,1.40807657242248,0.239793967377122,0.854235144413518,1.0158515336858,1.03115642611519,1.22624268404701
"JRN","JRN_NPP quadrat_BASN_12",1.70349754975647,0.830279559085157,2.05171563133924,2.31936403047942,0.904772325092929,0.981061024402156,6.6,1.402286225215,2.28045742723215,0.412291927770952,0.808155343939097,1.00835541060415,0.877301877655952,1.09459563352116
"JRN","JRN_NPP quadrat_BASN_13",2.48958050974624,1.16102427977906,2.14429668104787,2.1572602035221,0.978535940012465,1.02371247667812,6.7,1.08858372881055,1.87472585174858,0.317002849454053,0.840702668049905,1.16121584092946,0.856116973021351,1.18233337255365
"JRN","JRN_NPP quadrat_BASN_14",2.90039717942736,1.67360230355644,1.73302652205004,1.63905372200514,1.00765667557074,1.05076053651062,5.4,0.550080284875522,1.22605358491087,0.170892048902833,0.935270937887569,1.07272111678205,0.985658785613182,1.13051329662966
"JRN","JRN_NPP quadrat_BASN_15",2.90199394830118,1.5553769956741,1.86578170846834,1.90972769573678,0.991295243906697,0.989367822510028,5.85,0.665171557750953,1.33244460351993,0.199619067713218,0.884178412328228,1.11324175886253,0.877653782764176,1.10501046520271
"JRN","JRN_NPP quadrat_BASN_16",1.25522795642835,0.504154124686167,2.4897702804866,3.05119670840828,0.840515309883795,0.978237910111713,5.65,2.19633662609274,6.09774927176124,0.674116497305045,0.714341872352446,0.978992095378721,0.833531613412221,1.14264663042945
"JRN","JRN_NPP quadrat_BASN_17",2.39820525343575,0.667607330848037,3.59223924397206,3.19365709596013,1.0058575708296,1.1235548008138,7.4,1.82458715305636,3.02486495804964,0.521831319103769,0.892729500535538,1.17101877690714,0.960586341473238,1.26003057295927
"JRN","JRN_NPP quadrat_BASN_18",2.31081193299291,1.72575888093161,1.33901204770012,1.30729624268015,1.00883378773346,1.0154879481056,5.15,0.315666083317598,1.10634073982348,0.0928102805851663,0.978899423099285,1.03209231612828,0.992414395860119,1.04634652102457
"JRN","JRN_NPP quadrat_BASN_19",2.26391657541556,1.4125345034007,1.60273364648095,1.55156271158457,1.00313922718479,1.03147690367164,5.7,0.531988543414926,1.26114635264498,0.157986874416396,0.904623638530627,1.06200422582951,0.972672844179185,1.1419273555561
"JRN","JRN_NPP quadrat_BASN_2",1.8579966362886,0.710235916379652,2.61602742615373,3.19748886696935,0.826648524449873,0.994800475496352,6.75,1.7621392447145,2.92027192441938,0.491734318969076,0.711991616063995,0.939820924013271,0.870548845226759,1.14934291942304
"JRN","JRN_NPP quadrat_BASN_20",2.46688877093964,1.46442821373579,1.68454059256791,1.7572083078146,0.953090697101532,1.00728816262652,5.75,0.64006992949494,1.30447952233639,0.190084258055079,0.8854485222555,1.02254254032692,0.937514733441103,1.08267288463247
"JRN","JRN_NPP quadrat_BASN_21",2.73850565070718,1.07126958505688,2.55631793239213,1.88622930699313,1.06766627671572,1.27507537515343,5.5,0.67908465355561,1.32764567871721,0.203794410421677,0.945482192662928,1.22212499541463,1.10893258622149,1.43344874044031
"JRN","JRN_NPP quadrat_BASN_22",2.93299239137721,1.66913004274678,1.75719825074299,1.72975661065385,0.98825911308329,1.0293542782805,4.95,0.480915329111864,1.204014878815,0.144323473437282,0.912931933305945,1.06267133591868,0.95595770499735,1.11274999953508
"JRN","JRN_NPP quadrat_BASN_23",2.62867851122485,1.49616300926466,1.75694659936608,1.84998507745716,0.959579292094304,0.990826736538362,5.1,0.610186354219479,1.26814467111919,0.183117918589996,0.898442336533425,1.02040063474446,0.93072691853004,1.05706119335288
"JRN","JRN_NPP quadrat_BASN_24",1.69245305518717,1.20247302258807,1.40747694409353,1.40187725241777,0.99650151449858,1.00801925857443,4.1,0.503231930703444,1.2246118800111,0.158345943010144,0.95169250468412,1.0367238132544,0.968433203380684,1.0549646597098
"JRN","JRN_NPP quadrat_BASN_25",2.74916456607325,0.936862217136893,2.93443850737717,2.45408512900888,0.890128757884192,1.35300323087791,7.05,1.3805933540736,2.64961450846936,0.410000612889169,0.779548344066458,1.08012800299378,1.10742643302276,1.53388469772913
"JRN","JRN_NPP quadrat_BASN_26",2.17636522815792,1.57738481398694,1.37973004992803,1.28347273428766,1.02533423659491,1.04864382402811,4.95,0.308910647841507,1.10581485747226,0.095968488580685,0.996781802954877,1.05207823222631,1.02178482336993,1.07846830868418
"JRN","JRN_NPP quadrat_BASN_27",1.48215828153303,0.473892826821744,3.12762337314413,3.08850009162275,0.904018806986063,1.1265616225674,7.1,2.28002336309154,6.8965902382645,0.663958025269747,0.781334892516446,1.04291267049519,0.970999759109032,1.29607953564751
"JRN","JRN_NPP quadrat_BASN_28",2.1736159799842,1.09892999312422,1.97793853437804,1.97849259655645,1.02208145764037,0.981384419853311,5.95,0.775225091715691,1.42136528483528,0.23022185482254,0.906632261389112,1.11472183325373,0.896833757865318,1.10271763554885
"JRN","JRN_NPP quadrat_BASN_29",3.29184566902979,1.58954495082019,2.07093587842938,1.76610577739007,1.09250393153563,1.07836584147653,3.9,0.479066785147944,1.21352052285343,0.154985508085615,0.96351665425699,1.25548471116769,0.934009754197094,1.21700263581681
"JRN","JRN_NPP quadrat_BASN_3",1.25292973675709,0.752789907848457,1.66438168696772,2.34103476577858,0.871606076752878,0.819664796405352,5.35,1.17125347207021,1.9295597109323,0.351495074355033,0.774559684672393,1.00747918850272,0.705682461352131,0.91789038165926
"JRN","JRN_NPP quadrat_BASN_30",1.24240749961548,0.664014219979226,1.87105556211484,2.43149402781456,0.874031309915114,0.886306076806332,4.25,1.45219828751072,2.81851626474945,0.469808587045757,0.75657790754271,1.03075117134866,0.746643560129669,1.01709108430099
"JRN","JRN_NPP quadrat_BASN_31",2.80973555489334,1.6558089817901,1.69689594983096,1.47161445194521,1.02901730874778,1.12379828547967,4.35,0.378748956256722,1.17048588349189,0.126429507603292,0.944911136269326,1.13602748814815,1.01501787350326,1.22031027105383
"JRN","JRN_NPP quadrat_BASN_32",2.17319409244088,0.990873575964037,2.19321025926698,1.94539688207436,0.975860533590096,1.15800532390444,6.15,0.85797371543508,1.42572002931345,0.241319190300501,0.880113521425868,1.0786988805999,1.04513988594,1.28105206652111
"JRN","JRN_NPP quadrat_BASN_33",1.79670023109541,1.18999744330092,1.50983537083202,1.58297388397855,1.00148879333696,0.953434091959056,5.5,0.618584803121331,1.29213420549771,0.181872656511052,0.949623474214098,1.06230841858139,0.897875327347303,1.0043979496368
"JRN","JRN_NPP quadrat_BASN_34",2.94460872285463,1.72641307363429,1.7056223494971,1.60514148453842,1.01222066783987,1.05133776997417,6.15,0.490401201518987,1.20935349232876,0.144184869764697,0.941327608634799,1.08490397650557,0.979484772908348,1.12883602008932
"JRN","JRN_NPP quadrat_BASN_35",2.82782215588777,1.45139776926106,1.94834401414816,1.69186312327096,1.02258007156184,1.12850352185672,5,0.537498586875433,1.22301415873311,0.161304201237988,0.928934727347024,1.11982417040007,1.02841620871097,1.23972773423918
"JRN","JRN_NPP quadrat_BASN_36",2.47258975656489,0.834961194550962,2.96132296051751,2.45642376351778,0.990193300745711,1.23482517779337,6,1.48906748237654,2.78476154981527,0.425872804848733,0.814799467002028,1.24081620961758,0.971663155162903,1.47955976424272
"JRN","JRN_NPP quadrat_BASN_37",2.56578197864458,1.45329855345686,1.76548856567808,1.53083139214824,1.05800496782527,1.09106373502453,5.15,0.478455457411679,1.19484955854523,0.150549827961629,0.987408433720856,1.10740425231306,1.04143459020133,1.16804914050107
"JRN","JRN_NPP quadrat_BASN_38",2.36864347011189,1.6008325375222,1.4796322629587,1.47609332182483,0.999715333078556,1.00308865640752,6.05,0.444213069544617,1.1638077273007,0.134780053626609,0.96030101720765,1.0323464450058,0.970989479566633,1.0438379735614
"JRN","JRN_NPP quadrat_BASN_39",2.66887351359458,1.32729555413081,2.01076053128371,1.6483879726322,1.07453611573515,1.13881551576643,4.65,0.528838319127853,1.25505736081489,0.168661870413032,0.952800964729363,1.19169706560519,1.02362725490625,1.28026235162451
"JRN","JRN_NPP quadrat_BASN_4",2.22059707405715,1.26810572631018,1.751113513633,1.56614504410918,1.0619395241525,1.05390319426601,5.45,0.562266469246627,1.24453303629679,0.172575140940443,0.998535803831699,1.11888631247237,0.999311110447922,1.1198225252638
"JRN","JRN_NPP quadrat_BASN_40",1.95251035294906,1.47086791962851,1.32745457759538,1.2844297415726,1.02067532254607,1.01273967287223,4.1,0.333260579209045,1.1205397816987,0.101115617294818,0.995383515377499,1.04563688694245,0.988390632173982,1.03829693934744
"JRN","JRN_NPP quadrat_BASN_41",3.39745488577339,2.11474738965007,1.60655353088558,1.64478315256071,1.01457792939598,0.964756828470955,4.6,0.434979030286537,1.19226309474732,0.131978325375636,0.939857409941745,1.13791048023263,0.858385501468544,1.03926180767087
"JRN","JRN_NPP quadrat_BASN_42",1.54376104815328,1.21968532146501,1.26570437553435,1.23211781151286,1.01062867896163,1.01663236468084,4.15,0.289506405046858,1.09972386257721,0.089940221617189,0.986223926784543,1.0352706137965,0.99226442577005,1.04160849684717
"JRN","JRN_NPP quadrat_BASN_44",1.80002230126813,1.14330335489902,1.57440481002272,1.72166089623692,0.993697815956926,0.921384949614568,4.45,0.568116707116647,1.24249446299623,0.174370740856452,0.909782223002869,1.05635729753542,0.86568253774417,1.00515171633833
"JRN","JRN_NPP quadrat_BASN_45",1.4832825390776,0.617182580588992,2.40331238393356,2.30594785722184,1.05869928337095,0.996985989723038,4.65,1.4857741235177,2.88526813362169,0.45080329637764,0.886981802410601,1.33277904043831,0.781993269399732,1.17507703434926
"JRN","JRN_NPP quadrat_BASN_46",2.05841543843733,0.923494408878343,2.22894196071792,1.85528613867281,0.990063337321289,1.21986227543758,5.05,1.10258886542515,1.89344431841201,0.351647552026633,0.871458536381213,1.1430799205276,1.05110787597742,1.37862114502462
"JRN","JRN_NPP quadrat_BASN_47",2.90075716502602,1.58768928382152,1.82703076388094,1.49275633879709,1.08265698493169,1.13205724481672,6.6,0.520871004830309,1.22864715692926,0.151681114055986,0.999736009113084,1.15597495259696,1.05882046010824,1.2242550331455
"JRN","JRN_NPP quadrat_BASN_48",2.73068727437073,1.49019620708013,1.83243472329137,1.73882266077131,1.02978706016902,1.02517772795209,5.5,0.627386981615613,1.31632623026027,0.192562428489796,0.950115933304633,1.11368141043996,0.946354115506504,1.10916656482333
"JRN","JRN_NPP quadrat_BASN_49",2.71308269406004,1.95643707676153,1.38674671743135,1.33671490687507,1.00104396514738,1.03686168821171,5.35,0.30847655133942,1.11090793726088,0.0925743154111512,0.951830869176261,1.03761022250341,0.999827805952963,1.08992991386029
"JRN","JRN_NPP quadrat_BASN_5",2.88295459760019,1.55982917486141,1.84825020846039,1.74874924758878,0.985511838502756,1.07383637748398,5.45,0.580507088953824,1.25018633997766,0.167498939686914,0.909364383838889,1.05254073118349,1.00414074286653,1.16223942748096
"JRN","JRN_NPP quadrat_BASN_6",1.48800927598769,0.888609956068201,1.67453590388704,1.98325161857577,0.850622359796563,0.995687692080719,5.35,0.83196769746173,1.45153181758655,0.244610236955772,0.781761448535916,0.958984640604362,0.880508842670366,1.08004641989296
"JRN","JRN_NPP quadrat_BASN_7",0.542697993138475,0.359807078777824,1.50830271317031,1.49123560149707,0.983322823622667,1.02928753489257,6.1,1.56736499892726,3.08304099328743,0.47555903482184,0.933144241149569,1.03376841435926,0.978419041409871,1.08391095808707
"JRN","JRN_NPP quadrat_BASN_8",1.6187746847667,0.625697202441034,2.58715346408993,2.4509032798797,0.974490082339416,1.09308182678981,7.9,1.69815038466002,3.31150807443229,0.46683440888937,0.818887733804623,1.19631263084589,0.88237292474291,1.28921950712779
"JRN","JRN_NPP quadrat_BASN_9",2.68833634073408,1.62137490661469,1.65805966884434,1.8419098482599,0.913304222839462,0.988515074368936,6.65,0.557270314220239,1.2320485385448,0.156741422944337,0.839874618649916,1.02059057455983,0.882023988957184,1.07181214918419
"KBS","KBS_T7_R1_S1",3.00628043021116,0.95804996693945,3.13791611497562,2.28399740442768,1.04579163070426,1.33925607235816,10.3636363636364,1.66035306127966,3.79822980377571,0.529534723057252,0.838374189501112,1.43992431910723,0.955757011459565,1.63911667857564
"KBS","KBS_T7_R1_S2",2.02179868173525,0.905126199609148,2.23372020676045,2.36151734486625,0.948841793907545,1.00654636755157,11.5454545454545,1.69320904455397,3.61306592025753,0.488556858353271,0.813679661155767,1.16203018187163,0.814081236941217,1.16248442254895
"KBS","KBS_T7_R1_S3",3.55405637281802,1.0249055436916,3.46769162748081,2.36597072780587,1.01524859205672,1.4613051268439,11.2727272727273,1.6078806016391,3.25612367928451,0.455960356411407,0.838532528238254,1.30085629685039,1.12672769500842,1.74788925008224
"KBS","KBS_T7_R1_S4",3.78987588587055,1.0717763277013,3.53606978239471,2.58763906783868,0.978312492482837,1.41516357636297,10.9090909090909,1.70530501556957,3.79638207057037,0.50643160021269,0.792773884693565,1.25106962223873,1.09261520387122,1.72372631026105
"KBS","KBS_T7_R1_S5",3.62047257173388,1.22000525283171,2.96758769138947,2.30934931705342,0.964430174466764,1.35001102321497,10.9090909090909,1.60091317373786,3.57171024822989,0.470691052030476,0.789098621819706,1.17905097369936,1.08988695351962,1.62859376512162
"KBS","KBS_T7_R2_S1",3.1921845963276,0.792539009452465,4.02779492019321,2.71701326999756,0.948247372162135,1.58326211862985,13.1818181818182,1.95179574485599,4.29609179516137,0.544658973030818,0.783655337094234,1.18374578711687,1.25274162226656,1.89169642963271
"KBS","KBS_T7_R2_S2",3.95716633537876,0.673933955722103,5.87174203314738,3.30960588549788,1.04774960971397,1.72765532657171,13.8181818181818,2.48629359926072,8.98071822064553,0.683500950929432,0.821635864012145,1.39067177105084,1.27580753767373,2.15933312494311
"KBS","KBS_T7_R2_S3",3.31933215046295,0.895539618687984,3.70651625142611,3.18415238782232,0.946436009642874,1.2462417847772,9.90909090909091,2.03611298391125,5.17573620277934,0.604673033411332,0.786010324205106,1.22437386342774,0.950743653956242,1.48105388776165
"KBS","KBS_T7_R2_S4",3.3390229568935,0.864224153670531,3.86360754060392,3.04461817551355,0.949306363642281,1.35601890654935,11.9090909090909,1.96515872935824,4.21410296073293,0.532725114442719,0.778079610668817,1.20923195150669,1.04965065583745,1.63097141479463
"KBS","KBS_T7_R2_S5",2.8506156964812,0.799995364432273,3.56329026794321,3.08174932286603,0.906673556399266,1.29198306026639,11,2.03475255342816,4.49807218998892,0.604269020651012,0.754724184666255,1.14371954923284,1.01097780644061,1.53202474362006
"KBS","KBS_T7_R3_S1",5.45828957374682,0.889623012740112,6.13550851942875,2.89981838701775,1.07478613804479,2.05043848936954,15.1818181818182,2.03333177250171,4.53120208840497,0.571907936251366,0.794957784146261,1.62621490948519,1.30230778674438,2.66155991460736
"KBS","KBS_T7_R3_S2",4.31514363898925,0.985720927845421,4.37765245425117,2.72443917962471,1.01408976420693,1.60559746365042,13.1818181818182,1.89618188304817,4.00422724553448,0.552180823670969,0.838508484568976,1.30555669672158,1.23172274545448,1.91639324730023
"KBS","KBS_T7_R3_S3",4.09332856104582,0.872622872768877,4.69083345025954,2.87127517078431,1.0480559946199,1.59796320985718,12.6363636363636,1.93349652263657,4.42586472737616,0.531532845611553,0.800051858948579,1.52806644335352,1.07249241182854,2.04207491168405
"KBS","KBS_T7_R3_S4",2.67576402402726,0.717335972274641,3.73014058606671,2.98639775928779,0.968750697940861,1.30396819249459,15,2.15797815126186,5.79036741688403,0.573747230905829,0.818494910693808,1.21791129488551,1.02562339883126,1.52602532256218
"KBS","KBS_T7_R3_S5",3.35958227329526,0.874351246913763,3.84237145558347,2.90508955442276,1.00034350997515,1.33543222196093,10.9090909090909,1.84245618766032,3.55767488992419,0.54170810479688,0.826825103787638,1.24430558010496,1.06298008126563,1.60016768902514
"KBS","KBS_T7_R4_S1",3.49999250685489,0.919779830590018,3.80525033323434,2.62374639071049,0.998729477251203,1.47932577404069,11.6363636363636,1.80000490644091,4.05962505514242,0.529226829394199,0.801475198691898,1.38363905944414,1.0482416630454,1.80957630227175
"KBS","KBS_T7_R4_S2",2.7317509460456,0.922291780567752,2.96191617837467,2.61219570675243,1.05260710763911,1.08892437348977,12.5454545454545,1.75338103595359,3.02372830268709,0.478600117949685,0.884890318349315,1.31689933675056,0.861142453210838,1.28139178839344
"KBS","KBS_T7_R4_S3",2.66878028512122,0.733056508226797,3.64062013660689,2.89390439349348,1.14468509954723,1.13204615323599,12.8181818181818,2.00735580202221,4.5426085690916,0.564601768182799,0.866923673890974,1.60499532777537,0.783966193793861,1.45115697712704
"KBS","KBS_T7_R4_S4",3.57203866634735,0.895897559157578,3.98710614828125,2.39312169284292,1.02745983983798,1.64528968115295,10.4545454545455,1.73679776659034,4.07268364111351,0.510643038817574,0.828272200185749,1.38798058495908,1.20089156493438,2.0122050376161
"KBS","KBS_T7_R4_S5",1.83563630103719,0.669649441829652,2.74118992173243,2.55107953986803,1.02942260405123,1.05427547043517,10.4545454545455,2.01451777319859,5.14586800224106,0.538976950596242,0.860159292463364,1.2670996093112,0.848016949888434,1.2492472173764
"KBS","KBS_T7_R5_S1",4.70614287297133,0.895224054267581,5.25694417005094,3.21688742441328,1.22774479103769,1.65066086792341,11.7272727272727,2.15553402364518,5.94277316447219,0.633757404162112,0.805116222405968,1.38847011591612,1.17718525218789,2.02999637116651
"KBS","KBS_T7_R5_S2",4.1214045291471,0.890900772230032,4.62610950356539,2.82749049336772,1.0497020824112,1.60121231939812,12.7272727272727,1.87916769789248,4.05407642682991,0.558064331965757,0.842458201326242,1.44202149599126,1.13747010483981,1.94229592382039
"KBS","KBS_T7_R5_S3",3.38577558741745,0.826738381338751,4.09534099763798,3.46168060844002,0.994418042351136,1.2077317408191,15.2727272727273,2.39723058015688,7.57753291699584,0.65901685208116,0.811766452446651,1.26331969607582,0.936585013565233,1.45737783765383
"KBS","KBS_T7_R5_S4",2.89847245440612,0.830227090946958,3.4911802879139,2.74064024755075,0.984046910185603,1.3134847542731,12.4545454545455,2.00099202977037,4.43508084664395,0.562811852781613,0.800233998950855,1.25422073820692,1.01566621417319,1.59185456572028
"KBS","KBS_T7_R5_S5",3.5028837962648,1.02445400880817,3.41926896292785,2.25658883044848,1.06545664360329,1.43717229509118,10.4545454545455,1.37725936072198,2.1625728669561,0.409010502866187,0.886250062479848,1.28503326309326,1.1798950050404,1.70989115287006
"KBS","KBS_T7_R6_S1",3.46382240728511,0.811381396279656,4.26904341554714,3.2195483463924,0.982507408805536,1.37453463038146,15.9090909090909,2.40327629791822,7.59463030596158,0.651492228958044,0.794589824350074,1.32551255070965,1.00100372938726,1.66875516292613
"KBS","KBS_T7_R6_S2",7.46155946115859,0.992132014553538,7.52073247481719,2.71288388435044,1.02562603291869,2.75852362595929,12.7272727272727,1.81643104342412,3.42229282105084,0.506884733866287,0.815463603216875,1.41735183138635,1.9559724598113,3.39957374979409
"KBS","KBS_T7_R6_S3",3.27696028189326,0.787288730029768,4.16233607430066,3.2636367933869,0.976105272049588,1.33812365928654,14.9090909090909,2.41829479193546,8.01078180943726,0.664807563518265,0.757449024749165,1.40441087887335,0.908979398206765,1.68384634731514
"KBS","KBS_T7_R6_S4",2.71534812216918,0.693417639993369,3.91589132661111,3.03964291782137,0.995963216326375,1.30785261697571,14.5454545454545,2.29137948656917,6.13309704517592,0.598483704603515,0.838497240969233,1.21871491436704,1.05708188119302,1.53640963561457
"KBS","KBS_T7_R6_S5",2.20564362378249,0.913564237701672,2.41432789590298,2.62496790245387,0.996602920993437,0.934820090072118,14.8181818181818,2.0495929754836,4.31063669917292,0.548361194220513,0.849953071604599,1.26351053621031,0.729908950536362,1.08212473793192
"KNZ","KNZ_001d_A_1",4.12331586510331,1.39416314203305,2.95755621475579,2.91207568982987,0.973372055201054,1.04890559109501,16.1666666666667,1.89591299452523,3.88879723267164,0.507244670650154,0.857699298676691,1.1206667329087,0.906264587380641,1.18414761375839
"KNZ","KNZ_001d_A_2",3.9869041134666,1.39798742170564,2.85188840154392,3.00874257668797,0.939973373194585,1.01537641392294,16.8333333333333,1.85727604038637,3.78377783863565,0.510579257461786,0.8248426530416,1.15477548279587,0.820835978649146,1.149247397912
"KNZ","KNZ_001d_A_3",6.51493862657783,1.30180031870914,5.00456063264606,3.31415163018449,1.17018032540395,1.30304929298899,19.625,2.19576646094947,5.34497938549364,0.603632839067826,1.00159467833438,1.45014796471467,1.04134212931782,1.50773467531696
"KNZ","KNZ_001d_A_4",4.32214031655917,1.48078354542396,2.91881978964165,2.73780957984253,1.02067224921784,1.05006477800189,18.375,1.90767774318975,4.20979304760488,0.55043944394282,0.907551756622849,1.20478965388161,0.884903472773111,1.17475142323956
"KNZ","KNZ_001d_A_5",3.41532924099786,1.29052815837408,2.64645852075076,2.71327191281093,0.983124458629222,0.998979042196125,15.5,1.78282100928109,3.83249013808626,0.497505675259298,0.855500154220446,1.20163740808807,0.811742506767845,1.14013613204324
"KNZ","KNZ_001d_B_1",4.47946406540016,1.4681629481784,3.05106737025205,2.82047071805498,1.04185819190366,1.04643984207026,20.2916666666667,1.98336683602639,4.35856511296546,0.557854477740082,0.895317322169252,1.26042092724732,0.858274260887032,1.20831302316872
"KNZ","KNZ_001d_B_2",3.44257284985195,1.33291015486707,2.58274936032374,2.64972422472978,0.981060726914401,0.99939367561066,15.4166666666667,2.01852943599393,5.19446704890872,0.567744536142074,0.845013406732447,1.16192567838731,0.839221608521958,1.15350104825863
"KNZ","KNZ_001d_B_3",3.55120443173936,1.48782394287254,2.38684452468419,2.82195891948929,0.911946291878521,0.933784100155456,16.7916666666667,1.89333659586291,4.11279761443667,0.541493636887438,0.796684747027992,1.04012723919873,0.813221599478632,1.06167396718949
"KNZ","KNZ_001d_B_4",3.93745154640322,1.45822619410989,2.70016514742877,2.63211856511569,0.952616046872003,1.08236997107311,18.0833333333333,1.88156722852145,4.16284677602167,0.529221667184175,0.832487209456982,1.11649586742269,0.9189145103159,1.23229368981402
"KNZ","KNZ_001d_B_5",3.28273751216791,1.347641581586,2.43591289926254,2.93823738855507,0.88693111563603,0.939389109240527,19.25,1.93207732477031,3.78609045371165,0.510565672357646,0.790160278573558,1.02199360985017,0.811197781014803,1.04922857818502
"KNZ","KNZ_001d_C_1",3.16539485395572,1.35558261537871,2.33508073801271,2.78628818556947,0.899944945207912,0.937222860552065,18.9166666666667,1.96219276602037,4.6473266018058,0.547560317028978,0.811054457489674,1.10150604086983,0.760861104993855,1.03329875174336
"KNZ","KNZ_001d_C_2",3.70347568737431,1.35901327773954,2.72512104777545,2.76866698055148,0.984572127152559,1.00970372357529,15.8333333333333,1.84919724654592,4.15368913496445,0.524392566680971,0.818619524355071,1.23624532398788,0.796435041419822,1.20235584922158
"KNZ","KNZ_001d_C_3",3.74414168628277,1.31919798114916,2.83819543372954,3.1971595477931,0.90057570781944,0.990410955024679,20.5416666666667,2.18614930390933,5.80280220826569,0.605427582901888,0.797947463545029,1.03347855739385,0.859029487238737,1.11251525603595
"KNZ","KNZ_001d_C_4",5.05793797675583,1.73724385135019,2.91147265988295,2.75227453519356,0.97014736764126,1.09405193881411,16.5416666666667,1.85585072467911,4.34900343075371,0.517885005368121,0.873874339651875,1.08954752043196,0.971306717571657,1.21058128950309
"KNZ","KNZ_001d_C_5",3.20751384109249,1.36021134835914,2.35809960339017,2.96869445681533,0.88672153419281,0.8986075014664,20.9166666666667,2.17231233881596,5.41677672639128,0.581194316423734,0.792217722202032,0.972823593779138,0.816514136180147,1.00266983597184
"KNZ","KNZ_001d_D_1",4.49731775562544,1.47629438108657,3.04635566811231,3.00313764198875,0.992461677504303,1.02794804243035,21.0833333333333,2.1443387269661,5.44658890123052,0.560078237918152,0.873234768414096,1.16653705397932,0.870512891155845,1.16166244451888
"KNZ","KNZ_001d_D_2",6.22212445459686,1.60604219953466,3.87419736318241,2.90853032397316,1.04795326087857,1.27883144186783,20.0833333333333,2.00544350489952,5.01835447179841,0.52682461612732,0.916032968263067,1.25625329140521,1.06031468714795,1.4541195104888
"KNZ","KNZ_001d_D_3",4.50446778790454,1.44924028916069,3.10815799256674,2.81703468507916,1.01897722231567,1.08934751603392,20.3333333333333,2.0187517727663,4.71306625386323,0.547253386259324,0.886304923438527,1.17300050466836,0.940620404431723,1.24488612186847
"KNZ","KNZ_001d_D_4",6.19706718419121,2.00351133161019,3.09310313668689,2.44981591692554,1.04195022259945,1.21689733342433,15.2916666666667,1.62737497268432,3.41061887266187,0.473902456758952,0.921000752867707,1.15597964886964,1.0922217339865,1.37101087014059
"KNZ","KNZ_001d_D_5",5.24666262927121,1.79395915708341,2.92462769208255,2.83371687128498,1.00875183520994,1.02790629690755,19.4166666666667,2.02155383935132,4.80912970369024,0.559844861682541,0.888173751864075,1.16970621050521,0.882359398605072,1.16202695092655
"SEV","SEV_G_1_E_1",1.1800285364598,1.03205459719349,1.14337801475688,1.11812471010567,1.00743003213537,1.01506968276224,2.69230769230769,0.250237220351168,1.09894698319742,0.100702865587533,0.996480159260175,1.01487748727385,1.00759497617842,1.02619793078729
"SEV","SEV_G_1_E_3",1.25806695141139,1.11607697937014,1.12722238220645,1.12662452020951,0.998576059833679,1.00204986448951,3.07692307692308,0.208599720285691,1.07846038880118,0.0790432697102879,0.981317170889582,1.01860318000255,0.982257581883896,1.01957985763643
"SEV","SEV_G_1_N_1",1.22874312741699,0.953239114242259,1.28901878768763,1.35183477814359,0.973148065550265,0.980518511119885,3.84615384615385,0.49923133669017,1.24839477181435,0.194635942903858,0.924962086179295,1.02984488497646,0.92589955603189,1.03088864863055
"SEV","SEV_G_1_N_3",1.05927571307683,0.958768378206967,1.10482963054938,1.19758527405291,0.944516198115198,0.977050965007175,3.15384615384615,0.323910079303645,1.14070243562188,0.122737037831182,0.918917647443998,0.980469599511676,0.940925327941073,1.00395044021814
"SEV","SEV_G_1_S_1",1.45504906710172,0.880333405475577,1.65283863823805,1.65506986075244,1.00606054026486,0.993617446792133,3.76923076923077,0.884058521548708,1.54989794747342,0.334990267785351,0.934792331185755,1.05701731223504,0.944796693860476,1.06844093290231
"SEV","SEV_G_1_S_3",1.07322947147155,0.891634971457481,1.20366462266193,1.18292349929086,1.01215000411124,1.00554012632421,3.23076923076923,0.351159409914505,1.14898860629027,0.146444848487773,0.98015984680978,1.02901472728167,0.988842779580674,1.03813108818619
"SEV","SEV_G_1_W_1",1.11342765335112,0.852891451038117,1.30547404595964,1.35887466336672,0.969567925645521,0.991378090674338,4,0.512668963713284,1.28823255048106,0.189312946822264,0.92951961551474,1.01646978273754,0.945206048267571,1.03354713896665
"SEV","SEV_G_1_W_3",1.13446788512256,0.896664770479325,1.26520849538464,1.27188417083313,0.979954301754585,1.01530672183783,3.46153846153846,0.438609996364246,1.22459837205335,0.171001425462188,0.956074104054005,1.00914346730078,0.985740377571417,1.04045425658935
"SEV","SEV_G_4_E_1",1.01338502461779,0.969947503725336,1.04478337304402,1.04200753869746,1.00238756875708,1.00027699752799,3.15384615384615,0.106845781886026,1.02964327242381,0.0404863436224036,1.00022119264004,1.00449209939364,0.998180007647555,1.00244223277408
"SEV","SEV_G_4_E_3",0.816437549678528,0.716284439699401,1.1398230987974,1.136532945221,1.00414876062721,0.998839342963734,2.61538461538462,0.315878785341701,1.141202165159,0.137184413424202,0.98103817150305,1.01823512465297,0.984934951786109,1.0222794194707
"SEV","SEV_G_4_S_1",1.03010770637508,0.570817462242701,1.8046184192191,2.22339100697106,1.08586156868602,0.750078625256005,5.07692307692308,1.71615774133887,3.78529043274139,0.605728384323472,0.979087062098235,1.20733247922973,0.672268337951416,0.828989148794683
"SEV","SEV_G_4_S_3",1.01319634600375,0.977241848812096,1.03679181078395,1.048748501531,0.995944585404304,0.992631579142506,2.92307692307692,0.12228061132557,1.03660975825787,0.0509949757659211,0.99109443478888,1.00096361297821,0.987647377047193,0.997482245890579
"SEV","SEV_G_4_W_1",1.50641975340505,0.730828682033016,2.06124881307955,1.96384234826959,1.03669167548116,1.02044610165324,3.69230769230769,1.12104553923397,1.96385620140711,0.413967783454564,0.853865702412449,1.1785603362956,0.890578552938306,1.23020996575201
"SEV","SEV_G_4_W_3",0.977612850490309,0.632443508367183,1.54577102548537,2.07320303728893,0.908054154267536,0.825051871848077,4.38461538461539,1.27722781063488,1.99878857842336,0.471641112899247,0.79807343660508,1.03301167383917,0.721786858515463,0.934263760446139
"SEV","SEV_G_5_E_1",1.20819801830206,1.02515757091797,1.17854859835858,1.16311596515072,1.00573901227025,1.00759376756334,2.92307692307692,0.306095067946356,1.13452437882395,0.132935398946904,0.986652109312157,1.02370271419116,0.989807382182603,1.02697652111389
"SEV","SEV_G_5_E_3",1.09792329443248,0.933954304793617,1.17556425276619,1.15776371295083,1.00610375303682,1.00933718107183,3.23076923076923,0.307677602310228,1.1434962706483,0.119954649948617,0.982579670445373,1.02859462278399,0.98714782011712,1.03337669841186
"SEV","SEV_G_5_N_1",1.31059687851969,1.07875718294927,1.2149136981286,1.25473838105203,0.997440296195283,0.971143923136907,4.92307692307692,0.460053432690613,1.2317068047625,0.165929201471673,0.969296529214853,1.03683146489931,0.933866751653743,0.998931226916664
"SEV","SEV_G_5_N_3",1.57784888571353,1.27258861580991,1.23987348787444,1.25466187384766,0.993881012240495,0.994730806934008,4.15384615384615,0.403410731612541,1.18616877358383,0.152861677950495,0.95547603437846,1.03280083157346,0.956829199652026,1.0342638630771
"SEV","SEV_G_5_S_1",1.02557251397598,0.672269142851945,1.52553858061256,1.57325928538233,0.95266297323147,1.01875736397427,3.53846153846154,1.09959996084613,2.31715970714436,0.442511577221599,0.902038249841153,1.01624881504822,0.954187505755527,1.07497524472413
"SEV","SEV_G_5_S_3",1.22755162306558,1.06206213091201,1.15581903104996,1.14705479519928,1.00509609612991,1.00255618576939,4.61538461538461,0.292255659786829,1.10368371135574,0.107921064265307,0.994453216342399,1.01279851417834,0.994907307483767,1.01326235114595
"SEV","SEV_G_5_W_1",1.35429652586876,1.25054601123445,1.08296417221138,1.082353971683,1.00057421100943,1.00000106343154,3,0.151773041213616,1.04906624881846,0.0591719445735264,0.992984744398708,1.00676357928992,0.993841988214377,1.00763289064819
"SEV","SEV_G_5_W_3",1.05737629659864,0.848841324307209,1.24567014625687,1.24909353250144,1.00105761102802,0.996333787894336,4,0.501019543468841,1.23740077656822,0.195333113307425,0.98067766724662,1.02316041038643,0.9746878941468,1.01690835481021
"SGS","SGS_UNUN_11_10",1.31517264622955,0.706807204006675,1.86072331857151,2.0167203920973,0.945138274225984,0.986347068900512,3.21428571428571,1.47131499839585,3.5460521429102,0.707552950590415,0.789758202647988,1.16761854955651,0.790233709094265,1.16831247201228
"SGS","SGS_UNUN_11_11",1.97816201770333,0.807072009359717,2.45103534103814,2.2857229933273,1.06167774258673,1.02437536103189,3.21428571428571,1.55188371901948,3.713615878363,0.706292718107536,0.859759610540371,1.36227234672268,0.787353398185586,1.24723830287936
"SGS","SGS_UNUN_11_12",1.95725994947816,0.805186955527907,2.43081427988971,1.9409171702749,1.05236254448924,1.20909733142709,3,1.31033950527241,3.19481238126032,0.6301401020458,0.815891806400765,1.36697640592049,0.918176750267006,1.53508312987378
"SGS","SGS_UNUN_11_13",1.49522173067069,0.637310691592298,2.34614254930343,2.11785727095423,1.05182090027912,1.06232760920593,3.35714285714286,1.694428592634,4.08117806645397,0.66060898539959,0.903301145783114,1.23005543094223,0.900780861507912,1.22644517187877
"SGS","SGS_UNUN_11_14",1.8960385090421,0.803267832528442,2.36040637040568,2.24195990396027,1.03794730571836,1.02625846886892,3.28571428571429,1.53292944865805,3.75374812266152,0.737183237870541,0.856444819019333,1.25338015021506,0.840011386076966,1.22942216248646
"SGS","SGS_UNUN_11_15",1.33259135887891,0.640315379869192,2.08114844774014,2.0946651855039,0.999529437269617,1.00478057588608,3.14285714285714,1.54487350171808,3.45894212673746,0.602301755870532,0.847379791915296,1.22013381362319,0.814326874773229,1.17249895527466
"SGS","SGS_UNUN_11_16",1.28605800096936,0.588022166867767,2.18709102042842,2.08683805231789,0.979513331630809,1.08464755529156,2.71428571428571,1.48121616745889,3.47812069950253,0.674130529367474,0.777786777927352,1.19269859367068,0.878757445528297,1.34834089222549
"SGS","SGS_UNUN_11_17",1.66660127748021,0.715548606885617,2.32912378200831,2.19002641426853,0.949749729150656,1.13176069385342,3.42857142857143,1.52873752191478,3.65765960219106,0.615209236147847,0.792084830660677,1.17476440618465,0.905462336789381,1.3427974859064
"SGS","SGS_UNUN_11_18",1.49780449126429,0.647886814206422,2.31183049017429,2.28103425904197,0.971339162302143,1.05481520891338,2.92857142857143,1.53469672132173,3.17933278369503,0.640018243803751,0.820445912397508,1.19385157291178,0.848936363115379,1.23531791662766
"SGS","SGS_UNUN_11_19",1.86741985630537,0.709266773054656,2.63288783184189,2.2624352396538,0.979732402763347,1.19923515149427,3.64285714285714,1.6911685427249,3.758182868521,0.705272061674025,0.805066695251338,1.15019201227725,1.01179743963005,1.44557290564963
"SGS","SGS_UNUN_11_20",1.19806623689397,0.568861157703266,2.10607847041459,1.95410294657489,1.00262938587929,1.08545066433671,2.5,1.51460845638438,3.53881727787128,0.72837270297141,0.833757013504077,1.19612680580547,0.901085436184673,1.29267067596846
"SGS","SGS_UNUN_11_4",1.96697754697645,0.741535122185669,2.6525750273012,2.25910290847906,1.04824142617313,1.13284750603434,3.07142857142857,1.58610976376723,3.78887330372664,0.688838718096978,0.889069914905861,1.31339996880358,0.894019521042248,1.32067436869383
"SGS","SGS_UNUN_11_5",1.28251483680905,0.680278745028446,1.8852784188567,2.00650914157966,0.982032031118689,0.962673123597246,3.21428571428571,1.5099288098638,3.43644243751181,0.687198216076002,0.853562542733266,1.14439041641103,0.82111267880848,1.10077771835959
"SGS","SGS_UNUN_11_7",1.54102768619744,0.676922064789692,2.27652157664001,2.04762854795404,1.02639759741628,1.0981362329045,2.78571428571429,1.42071376594727,3.30010649058819,0.683218901551603,0.832464787992743,1.27659579359717,0.870904036634564,1.33558612148751
"SGS","SGS_UNUN_11_8",2.189686814609,0.668417296843162,3.27592781478064,2.40221340796505,1.06760489679319,1.30085175892411,2.85714285714286,1.61139109375661,4.21943427467862,0.774915313298436,0.847891778842025,1.46272808568913,0.933158212435834,1.60841450613009
"SGS","SGS_UNUN_11_9",1.32865619038999,0.603429516583442,2.20184156372183,2.22486122491977,0.969673271191642,1.03240298315696,3.28571428571429,1.627009897011,3.89765038750154,0.634324374583836,0.826943626859639,1.19508137307524,0.828204814569256,1.19676276409206
"SGS","SGS_UNUN_19_1",2.34587338425188,0.744318634992687,3.15170583398725,2.36181634325396,0.987402510343688,1.36326932626168,2.71428571428571,1.49546530739486,3.04651942344221,0.649472330879339,0.836823558585891,1.17795358075819,1.1328486835453,1.59467354648224
"SGS","SGS_UNUN_19_10",1.69035754905539,0.706735408685039,2.39178273549431,2.40676797808187,0.907332760603378,1.10538942604543,3,1.63719766955679,3.9946200213335,0.682764459369471,0.761247170201984,1.08752258578766,0.913795926632825,1.30547161086389
"SGS","SGS_UNUN_19_11",2.03034142756041,0.66816841383455,3.03866717660072,2.26343629492077,1.01187851407746,1.33967839843056,2.64285714285714,1.53469360037016,3.27111915059971,0.698469157955044,0.835160197549789,1.1872146470055,1.13081665169168,1.60760697787636
"SGS","SGS_UNUN_19_12",1.39728080225279,0.690326867384193,2.02408578931225,1.73934463448522,0.999250583013866,1.16937948066971,2.5,1.13349220593489,2.00588672444161,0.545094528129518,0.862458959964169,1.12280479268665,1.03643238739538,1.34934605473678
"SGS","SGS_UNUN_19_13",1.97074764362385,0.63213786962082,3.11759149124538,2.1467995091902,0.971096817145072,1.50565379783181,2.64285714285714,1.43529934975684,2.8948012396353,0.598566320238762,0.862623586111914,1.1428985767761,1.27065717684589,1.68371637412163
"SGS","SGS_UNUN_19_14",1.36779414211525,0.618028727630261,2.21315625142516,1.89936572571845,1.00169819045603,1.16858305941171,2.42857142857143,1.25359820815336,2.02701647409904,0.504485030960946,0.887829889124801,1.13262546312417,1.02878217994015,1.31243625543128
"SGS","SGS_UNUN_19_15",1.80656092981268,0.699422181834461,2.58293342237787,1.77430385487804,1.04095975076924,1.40982740906356,2.35714285714286,1.12257608891119,2.12525964939727,0.576889991275379,0.882078260073907,1.21866354414763,1.19454194130497,1.65043820868124
"SGS","SGS_UNUN_19_16",1.35086772457099,0.51841991961935,2.6057403920028,2.62754038888764,0.983021457962478,1.02394662392663,2.92857142857143,1.93135845769514,5.03719613593024,0.777235820049785,0.771733087154755,1.24459417350982,0.79693561380511,1.28512227392321
"SGS","SGS_UNUN_19_17",1.60647908216373,0.551587496155731,2.91246464678773,2.12912430975035,1.01034304207344,1.36981079677011,2.21428571428571,1.44109909379597,3.15433068341309,0.69302217201634,0.86699119400209,1.2549605180253,1.09007470176851,1.57777492798787
"SGS","SGS_UNUN_19_18",1.79302662846831,0.602624697827511,2.97536200380145,2.24018789827305,0.993880255245381,1.35227525257165,2.78571428571429,1.58011339046647,3.35079231765524,0.658958465947707,0.830266265941164,1.21084804913729,1.09689811368813,1.59971976700312
"SGS","SGS_UNUN_19_19",1.41979968488413,0.578999783173305,2.45215926870072,2.1311846781247,0.963598688658686,1.2041794305541,2.07142857142857,1.38841316318702,2.52928790010725,0.579013261728785,0.788138592714204,1.12272401801131,1.02483684126788,1.45996650993857
"SGS","SGS_UNUN_19_2",1.57543786983569,0.5599845549952,2.81335950390488,2.21727232324084,1.00931510316757,1.27307036519824,2.64285714285714,1.52417507164415,3.24132050907874,0.732973272435864,0.828069507736423,1.31199321650744,0.967460131337427,1.53230124968569
"SGS","SGS_UNUN_19_20",1.40768936219881,0.707550502052425,1.98952492877252,1.86732312179078,0.991997081177991,1.07925539770012,2.5,1.21509127016943,2.19654103678537,0.527707433643395,0.862583986937209,1.12134043663155,0.950168760764204,1.23564434551104
"SGS","SGS_UNUN_19_4",1.43930856063466,0.662167988994846,2.17363053568853,1.8203924825731,1.00063174942203,1.19907738202392,2.57142857142857,1.22440751163411,2.1365813490702,0.588815548353909,0.899576150479284,1.14149426031929,1.04606453884033,1.3273426073652
"SGS","SGS_UNUN_19_5",2.02858524835974,0.588416125746708,3.44753510245056,2.12587084257795,0.98768510354815,1.66358183323727,2.5,1.50353797470308,3.31763112898793,0.65297824574554,0.817045160257602,1.24994295775651,1.29742315527395,1.98491982491664
"SGS","SGS_UNUN_19_6",1.75811630522512,0.740537374771904,2.37410880952045,2.11317292566775,0.990651318343795,1.14017372037589,2.92857142857143,1.39479139354226,2.54387010506208,0.581673190386885,0.852022516117773,1.12112018038202,1.00211591707798,1.31869116039995
"SGS","SGS_UNUN_19_7",1.8677363287585,0.620777972617505,3.00870264594475,2.06142289078503,0.977991060116047,1.50294682025145,2.28571428571429,1.39966927662517,3.05508448470581,0.719287721123543,0.834816837756855,1.21615018458128,1.20015193487101,1.74837256182543
"SGS","SGS_UNUN_24_1",1.8921488517845,0.592129130368188,3.19550036426676,2.30059142967102,0.994259683717179,1.41148550035946,2.57142857142857,1.46046056771214,2.7186070591641,0.634269965594674,0.826481764818844,1.24298684654539,1.11747646222897,1.6806206405205
"SGS","SGS_UNUN_24_11",2.32137850992195,0.706411753083833,3.28615499358271,2.4139388293412,0.972343191395277,1.41310643138673,3,1.45375087795043,2.59991977170884,0.566775665071676,0.830789997812427,1.18499033577884,1.1488913695049,1.6386269982649
"SGS","SGS_UNUN_24_12",2.13280364625965,0.737470570195601,2.89205255430594,2.27736902485132,1.01083829102172,1.26943920489461,3.42857142857143,1.50134273960753,3.05258682723218,0.604184764741811,0.834087080179482,1.21087939545058,1.04904148645857,1.52253401388823
"SGS","SGS_UNUN_24_13",1.86478302300273,0.704262335661083,2.64785283633304,2.22455493952436,0.981220322532932,1.22861597314809,3.07142857142857,1.37034360440326,2.44935304372931,0.551466834587193,0.772269666922235,1.21802536767021,0.977277069040584,1.54128633452159
"SGS","SGS_UNUN_24_14",2.99931805969944,0.863986005323948,3.47148916905762,2.13354980509744,0.99021230643784,1.66746954619708,3.5,1.45101241529693,3.15066255043893,0.66038420936291,0.814418293268214,1.25437292901535,1.29773156837643,1.99786935659155
"SGS","SGS_UNUN_24_15",2.2321209723324,0.978137955964778,2.28201038383258,2.0087431408255,0.998263335922306,1.14634390164376,3.21428571428571,1.05701819533066,1.7689671596513,0.440810825777688,0.861682039651123,1.17506966001311,0.966891876551929,1.31848512589958
"SGS","SGS_UNUN_24_16",1.65751427987475,0.643606280757987,2.57535441997654,2.34664066980186,1.00929141148833,1.0981311876519,3.5,1.64715068518465,3.08475686517863,0.64217668874944,0.867112582333471,1.24757081627873,0.88004863841406,1.26566978881866
"SGS","SGS_UNUN_24_18",1.90072735442606,0.777734690953219,2.44392769994155,1.995048610808,0.988241732245639,1.25008699764549,2.92857142857143,1.1710965874312,2.14409343497237,0.5086007856971,0.834630250619586,1.17862249191902,1.03935482286417,1.46777314915687
"SGS","SGS_UNUN_24_19",1.95757146752931,0.583522609844271,3.35474827282485,2.30014676951952,1.04317380492069,1.42064164797162,3.35714285714286,1.63515700712942,3.62174555766736,0.637500698550902,0.818386399255592,1.34061475527953,1.08794185101701,1.7821685950442
"SGS","SGS_UNUN_24_20",1.63234299834759,0.780734553953163,2.09077847276313,2.13690484805259,0.969913297828859,1.01610759472428,3.57142857142857,1.54000213862806,3.21176539454799,0.668814430925371,0.829943390664316,1.15778802749935,0.845078228510368,1.1789616273629
"SGS","SGS_UNUN_24_3",1.970659180591,0.731860005186783,2.69267232342892,2.42135553598199,0.992477933666783,1.13330505985755,4.28571428571429,1.66132881567811,3.1254453448308,0.629516000669947,0.817354899945809,1.26651513338817,0.878066618038056,1.36054975961908
"SGS","SGS_UNUN_24_4",1.88844881347823,0.747739545888366,2.52554358514585,1.90983760859075,0.993235964203047,1.33854600923825,3,1.26439547889477,2.36776777547647,0.549119979427418,0.868319565070537,1.13310368029668,1.16707120573881,1.52292617509473
"SGS","SGS_UNUN_24_5",1.96610127935542,0.771256150549436,2.54921957893599,2.07604806621151,0.98270391837768,1.2608207467573,3.28571428571429,1.36902152120358,2.58441656538445,0.570926318898789,0.833382564614987,1.19878013285228,1.02474032698315,1.47351664521435
"SGS","SGS_UNUN_24_6",1.72208969039135,0.64952137060873,2.65132106242695,2.25320742697852,0.975696345453896,1.21528199027448,3.28571428571429,1.5811701539518,3.50168056182785,0.659399170551163,0.831916417270221,1.19486043266646,0.984791500895066,1.41443375076676
"SGS","SGS_UNUN_24_7",1.81132907354556,0.687314030871295,2.63537334055202,2.02467432969411,1.02034749306272,1.28331857241418,2.78571428571429,1.3596176279669,2.45620810830097,0.590474433324415,0.884820707167281,1.16976960487484,1.1127314202534,1.47107795697684
"SGS","SGS_UNUN_24_8",2.00393475115854,0.684459701222274,2.92776148483251,2.20131819068953,0.989927557219598,1.35715945615537,3.57142857142857,1.51284685397608,3.02233509924139,0.608814360935911,0.805140101919892,1.21415948257728,1.09568707854227,1.65367427289448
"SGS","SGS_UNUN_24_9",2.10212432110543,0.736409418261334,2.85455925600266,2.17451992025223,0.980917075138464,1.35487320476957,3,1.39341197968174,2.64339753381927,0.605151133793665,0.795626166854158,1.22286928192771,1.07353059480307,1.64993740859325
"SGS","SGS_UNUN_5A_1",1.67093553038857,0.704663649046203,2.37125262903835,2.13956413597827,0.986930735028989,1.13323309240821,2.78571428571429,1.25904159811182,2.08954715195213,0.477080048236531,0.829485944548393,1.23102376169961,0.900454474533546,1.33611562628954
"SGS","SGS_UNUN_5A_10",2.32872609269677,1.26909446522019,1.83495094850385,1.77087657816202,0.996899151248343,1.04565544983003,2.5,0.706599071307901,1.38542520316404,0.294674700485686,0.85795049362759,1.15521985673994,0.896964408710389,1.20774898272273
"SGS","SGS_UNUN_5A_11",1.47720462595599,0.91562802157281,1.6133239603333,1.54909755513759,0.993631907108892,1.05135548127146,2.64285714285714,0.790952368317702,1.51844491888742,0.343506249008687,0.896303403199032,1.10439798399579,0.943068673778114,1.16199162223562
"SGS","SGS_UNUN_5A_12",1.93558380609982,1.16561903365891,1.66056297144014,1.64856279272861,0.975792661136566,1.03497603538191,2.85714285714286,0.837144113415561,1.55710478385693,0.381000705185295,0.886870565031114,1.08518086203434,0.928246465000083,1.1357706823646
"SGS","SGS_UNUN_5A_13",1.49731962800099,0.885309532407871,1.69129504787842,1.52722350048736,0.995844551491886,1.11460530220374,3.14285714285714,0.940376415483765,1.64889083312042,0.42798375058403,0.908319151564283,1.07967220169346,1.02575635087959,1.21920943672931
"SGS","SGS_UNUN_5A_14",2.03304074089303,1.12473536575701,1.80757252131454,1.74927785687392,0.963749182749087,1.07530845602017,2.5,0.83849365738498,1.58807422748946,0.381614909114806,0.874660902964215,1.07316611207418,0.96289857774133,1.1814112494642
"SGS","SGS_UNUN_5A_15",1.76104813471298,1.06212305277157,1.65804529909938,1.5925564507906,0.994158756287993,1.05103537152839,2.5,0.734138639711514,1.46293103697398,0.353046058278924,0.893162034041948,1.13749827530182,0.915304112307849,1.16577618113521
"SGS","SGS_UNUN_5A_16",1.8161653293771,1.16001902314405,1.56563409146055,1.56002135082234,0.955075219841904,1.05250638895806,2.71428571428571,0.741030289722082,1.41636608355109,0.321825365749468,0.883874459496981,1.02691449651951,0.977294634612716,1.13545364320135
"SGS","SGS_UNUN_5A_17",2.50559090781349,1.06057892024313,2.36247473902188,1.87463305158481,0.971276174455849,1.30920264433942,2.57142857142857,0.881065266376699,1.62358043444371,0.382641783384019,0.816523636784876,1.17196051959761,1.07553096093304,1.54342517920285
"SGS","SGS_UNUN_5A_18",2.01958784643377,1.08413152386366,1.86286239444113,1.66203208668027,0.99001235773491,1.13417969536011,2.42857142857143,0.737373415195405,1.41267730907553,0.307508598711604,0.918513585065779,1.07171857886331,1.04582901433318,1.22032339597798
"SGS","SGS_UNUN_5A_2",1.79829086843353,1.09225883080055,1.64639627323086,1.64623257701332,0.971400808800638,1.03207647520224,3.14285714285714,0.94769164623561,1.62543504807343,0.411577252505934,0.899655173560874,1.06231093972401,0.941438092558035,1.11164786650919
"SGS","SGS_UNUN_5A_20",1.85092231120331,1.16017612883508,1.59538044715831,1.54991280183165,1.00287316704688,1.02836281189252,2.78571428571429,0.74062982155215,1.45612598571728,0.356167656895922,0.92510304134736,1.11049068786611,0.926920009185052,1.1127042129101
"SGS","SGS_UNUN_5A_3",2.05915431263367,1.35622937057078,1.51829355514331,1.45569180384934,0.996469193596188,1.04830492599526,2.64285714285714,0.648494761749858,1.36790876408286,0.311860058939664,0.9356378411195,1.07049582063325,0.974351977604665,1.11475270409137
"SGS","SGS_UNUN_5A_4",2.33062944225504,1.5218189480137,1.53147616232339,1.55374316633934,0.950506181791582,1.03853781749416,2.42857142857143,0.59222994371753,1.32274794150178,0.284802400955743,0.871855287791982,1.02431275348112,0.962273542200084,1.13071043352355
"SGS","SGS_UNUN_5A_5",1.7356445480629,1.16565723512796,1.48898363580471,1.54074993926156,0.95098054797833,1.02083329510379,2.28571428571429,0.672029154034227,1.4779140929931,0.375066612218747,0.843672843662577,1.09564960475555,0.882066884433821,1.14548150842409
"SGS","SGS_UNUN_5A_6",1.81624097076644,1.354377074182,1.34101573733696,1.35071016302906,0.979804028145383,1.01395823759807,2.42857142857143,0.56597533337644,1.30503174630526,0.29085378564432,0.927009051631871,1.02401543191101,0.969538930073148,1.07100910374984
"SGS","SGS_UNUN_5A_7",1.95074139547855,1.48526968885066,1.31339204598464,1.26437334740458,0.98907679709632,1.05058133485566,2.21428571428571,0.397573125463084,1.17894349158389,0.20431217014624,0.955289933047557,1.02679872868585,1.01166322744784,1.0874031196138
"SGS","SGS_UNUN_5A_8",2.05004511023734,1.31035933322912,1.56449079138118,1.64491001986324,0.971566537558436,0.982423187406411,2.21428571428571,0.636085529543356,1.36118915768861,0.305892479684476,0.867124740410207,1.09469875434686,0.868847844594517,1.09687975188363
"SGS","SGS_UNUN_5A_9",1.87383446474194,1.11985367608334,1.67328509497386,1.51529952954124,0.99995284887927,1.10576626167345,2.64285714285714,0.685062161846416,1.37138121479898,0.297518716650611,0.942543415317624,1.06675094069795,1.0351949019193,1.17157508612397
"SGS","SGS_UNUN_5B_1",1.49828468991718,0.965483617973588,1.55184889937528,1.5825861507232,0.986532475121783,1.00039114114762,2.92857142857143,0.918769523700049,1.82303975391898,0.441834745187325,0.867568726221636,1.17474769520137,0.834715676366723,1.13029534611074
"SGS","SGS_UNUN_5B_10",2.11021431168644,1.11951426599892,1.88493740167174,1.67963123338671,0.991556952909566,1.13862043158248,2.35714285714286,0.757271076942499,1.53421999046891,0.364170409104529,0.85948806510594,1.17271940034754,0.957058385998636,1.30572970242716
"SGS","SGS_UNUN_5B_11",2.90647831501212,1.82393737506239,1.59351870012133,1.71430644941823,0.953315894448631,0.978297109229844,2.71428571428571,0.618178806328254,1.36164386910656,0.281345299294666,0.861733455173552,1.07184130198487,0.867237838134634,1.07868873041915
"SGS","SGS_UNUN_5B_12",2.04255717973976,0.909176306112752,2.24660185929487,1.79340646423688,1.03961013764847,1.21085131520121,2.71428571428571,0.99290908620516,1.79765917936322,0.510254333524696,0.915745182580897,1.17550348544124,1.06567374113285,1.36798075071905
"SGS","SGS_UNUN_5B_13",2.198461402964,1.11892365215921,1.96480018875424,1.89555382025721,0.953830215349124,1.09567917125001,2.85714285714286,0.979596811194035,1.92430118157773,0.471086487193426,0.79900520109706,1.14590492280503,0.904685764245048,1.2973340315011
"SGS","SGS_UNUN_5B_15",1.89526283167033,1.07375438581802,1.76508041010371,1.65959767814055,0.967009150380141,1.10560719634957,2.64285714285714,0.832613065737095,1.70217079920849,0.427878474317689,0.848949705052056,1.1291286911793,0.942255468227729,1.25279601949597
"SGS","SGS_UNUN_5B_17",2.1466417425407,1.28565536160446,1.66968676571438,1.84233182765684,1.01548903082494,0.900892607962017,2.42857142857143,0.74332993004606,1.49449166789234,0.414860332992302,0.870474541972374,1.24572545417739,0.728698040495042,1.04117118184221
"SGS","SGS_UNUN_5B_18",2.35491100162242,1.08621317767557,2.16800076635213,1.83525933359703,0.973745599373934,1.22345931520665,3,0.928041491611064,1.79202870001896,0.446293619228826,0.822572333917481,1.19668422860211,0.987149287658501,1.43611194683918
"SGS","SGS_UNUN_5B_19",2.26615708259576,1.09914080602801,2.06175320774872,1.68008415708517,0.975777240731816,1.26283239198225,2.78571428571429,0.865230016986755,1.69284643211663,0.482894066891424,0.869611470278427,1.09744605285046,1.11846157060107,1.41119244424141
"SGS","SGS_UNUN_5B_2",1.9570116340615,1.02956825820574,1.90080805081544,1.59226233888149,0.99660540974983,1.20497301186847,2.71428571428571,0.774966395045236,1.59077325128229,0.432516980294858,0.861709242712389,1.16574920445671,1.02420435857307,1.38536211771108
"SGS","SGS_UNUN_5B_20",2.00445540531338,1.29172130196967,1.5517708055576,1.62335705209944,0.977315097246505,0.981232217061002,2.92857142857143,0.821854346179841,1.64608314590708,0.395228396522232,0.884834433607776,1.1001438326361,0.868995075496801,1.08033030316359
"SGS","SGS_UNUN_5B_3",1.9299978782409,0.964839641964106,2.00033020441826,1.83991010249425,0.936711775738817,1.16736478921857,2.71428571428571,1.00627419446307,1.90929805947397,0.517122640504028,0.819191360508642,1.10887816768534,0.980464851740239,1.32715368967008
"SGS","SGS_UNUN_5B_4",2.64158463896471,1.40498400609464,1.88015281847043,1.86145762885293,0.975761036224623,1.0445101628503,2.71428571428571,0.772864630472043,1.54877555547707,0.371669323220166,0.839903110702791,1.2137717058367,0.832266786951276,1.20257231933678
"SGS","SGS_UNUN_5B_5",1.85105548041267,1.06347841632322,1.7405670411369,1.60389043666984,0.9734113476219,1.1189598581052,2.71428571428571,0.750114286031748,1.47148528045496,0.34139172379964,0.870658073140856,1.10134976037193,0.985362528921484,1.24643321078237
"SGS","SGS_UNUN_5B_6",1.3751345223756,1.11261748901618,1.235945449313,1.25915658596226,0.993580332634141,0.988177918236392,2.78571428571429,0.610140697366643,1.34312167648673,0.293415652778463,0.963083961352754,1.02180891674729,0.960616151299467,1.01919203965183
"SGS","SGS_UNUN_5B_7",1.51113519643559,1.16057225213269,1.3020604220536,1.32194527802286,0.989703523497277,0.995981160826135,2.57142857142857,0.601322197338555,1.35025330235474,0.289174850692263,0.941590040046665,1.0498515405765,0.938210750691266,1.04605991503108
"SGS","SGS_UNUN_5B_9",1.66667714805206,1.15799969858011,1.43927252321021,1.38558126892726,0.996846981379857,1.04357117488043,2.71428571428571,0.69787147946085,1.49232874950455,0.433611930021827,0.932720112136567,1.07580736922286,0.965566709488358,1.1136781255568
"SGS","SGS_UNUN_7_1",1.67498582236393,0.884220818690756,1.89430715377641,1.82943984674031,0.958702464510598,1.08345522123536,3.14285714285714,1.16500271824583,1.88464985976645,0.468831583007445,0.863619058295551,1.0859502385351,0.953512518906592,1.19897648325736
"SGS","SGS_UNUN_7_10",2.01352347365955,0.682894114314777,2.94851490363179,2.11238930029248,1.03488662454866,1.36323121629149,2.85714285714286,1.37069655204978,2.4890878334508,0.534395171609285,0.86425668993396,1.26802450453136,1.10094640765452,1.61509997618506
"SGS","SGS_UNUN_7_11",1.79351392751735,0.686402258583511,2.61291961832777,2.07208990835884,0.97984175002649,1.29783938217232,2.92857142857143,1.36821144585711,2.67494152204712,0.570588491239815,0.834329679489027,1.16814460154218,1.07950172959997,1.51171907340202
"SGS","SGS_UNUN_7_12",2.15277997031347,0.809787706658605,2.6584498043276,2.18090750141237,0.970695177799014,1.26721033784561,2.78571428571429,1.30376396366424,2.32328819099877,0.566217495123691,0.821293124151749,1.19501630053658,1.0209642345344,1.48426909313835
"SGS","SGS_UNUN_7_14",2.01287150806028,0.838102503047288,2.40170086682906,2.35853902695509,0.963518040837413,1.06811759112858,3,1.345585730706,2.44191195446951,0.541503533269869,0.800320469301913,1.17089474851702,0.869677031242623,1.27237243867448
"SGS","SGS_UNUN_7_15",2.04484894446762,0.797410467807271,2.56436180238588,2.18175528674462,0.972895457731707,1.21943890407101,3.14285714285714,1.37856172496954,2.70979173132349,0.537461576369627,0.828123569373021,1.1928220103363,0.986027612267874,1.41939007909585
"SGS","SGS_UNUN_7_16",2.04204587160656,1.05251508641061,1.94015829128925,1.79808375058129,0.976102537934433,1.10778045448602,2.85714285714286,0.873787248319409,1.47575632796695,0.340664522586978,0.890715330701642,1.06614285927728,1.01210851509525,1.21140366768257
"SGS","SGS_UNUN_7_18",1.89716204052665,0.758972886732039,2.49964402377454,2.17505307681613,0.954601160185282,1.21379642269937,2.57142857142857,1.29897620457297,2.40092092942223,0.564138197769669,0.82597035870003,1.1888300212086,0.966788951825156,1.39137659687361
"SGS","SGS_UNUN_7_2",1.72123114112301,0.821142230930804,2.09614251500853,1.9705107685961,0.996036477884646,1.07714007908485,2.85714285714286,1.14656756388639,2.00490471294371,0.521825386313684,0.846763718284519,1.20051397431186,0.886115735396796,1.25633810907354
"SGS","SGS_UNUN_7_3",1.86270227509983,0.84482611624461,2.20483510071853,1.97268959042757,0.998661858528972,1.12722829721633,3,1.21740017747027,2.32042034133463,0.554062698017955,0.855198436446522,1.17019574833412,0.955177246257482,1.30694777115066
"SGS","SGS_UNUN_7_4",2.34843924845682,0.993211602754606,2.36449034822346,2.24725886406748,0.969414562016098,1.09246669106069,3,1.14577018292702,1.8403091132126,0.434158883200182,0.849802118265192,1.14912786145092,0.915759921517602,1.23816234819315
"SGS","SGS_UNUN_7_5",3.62679109228163,0.961191702075916,3.77322347295418,2.34144823426978,1.01587231010914,1.60978240009847,3.14285714285714,1.26474732151999,2.10780604865896,0.467032450508199,0.822011668971052,1.26355935406642,1.2754668798778,1.96153270281728
"SGS","SGS_UNUN_7_6",1.93575096787573,0.845535547109721,2.28937857727291,2.00048012118166,0.994821517640322,1.15996152724817,3.21428571428571,1.25439458326792,2.38811763276131,0.523123172849841,0.853785132702116,1.20020930887183,0.953517020740652,1.34051397253455
"SGS","SGS_UNUN_7_7",2.19900050632379,0.658098458202949,3.34144606922274,2.26273594771831,1.01391219689466,1.48453559129209,2.92857142857143,1.51573383057661,3.31033856991007,0.728913893560171,0.803752219537547,1.34104008160147,1.10123570804512,1.83740318153275
